sticker_id,country,display_name,normalized_name,category
0,Special,Panini Logo We Are Panini,panini logo we are panini,logo
FWC1,FIFA World Cup,Official Emblem FIFA World Cup 2026,official emblem fifa world cup 2026,badge
FWC2,FIFA World Cup,Official Emblem FIFA World Cup 2026,official emblem fifa world cup 2026,badge
FWC3,FIFA World Cup,Official Mascots FIFA World Cup 2026,official mascots fifa world cup 2026,badge
FWC4,FIFA World Cup,Official Slogan FIFA World Cup 2026,official slogan fifa world cup 2026,badge
FWC5,FIFA World Cup,Official Ball FIFA World Cup 2026,official ball fifa world cup 2026,badge
FWC6,FIFA World Cup,Canada Host Countries and Cities,canada host countries and cities,badge
FWC7,FIFA World Cup,Mexico Host Countries and Cities,mexico host countries and cities,badge
FWC8,FIFA World Cup,USA Host Countries and Cities,usa host countries and cities,badge
MEX1,Mexico,Emblem Mexico,emblem mexico,badge
MEX2,Mexico,Luis Malagón,luis malagon,player
MEX3,Mexico,Johan Vasquez,johan vasquez,player
MEX4,Mexico,Jorge Sánchez,jorge sanchez,player
MEX5,Mexico,Cesar Montes,cesar montes,player
MEX6,Mexico,Jesus Gallardo,jesus gallardo,player
MEX7,Mexico,Israel Reyes,israel reyes,player
MEX8,Mexico,Diego Lainez,diego lainez,player
MEX9,Mexico,Carlos Rodriguez,carlos rodriguez,player
MEX10,Mexico,Edson Alvarez,edson alvarez,player
MEX11,Mexico,Orbelin Pineda,orbelin pineda,player
MEX12,Mexico,Marcel Ruiz,marcel ruiz,player
MEX13,Mexico,Team Photo,team photo,badge
MEX14,Mexico,Érick Sánchez,erick sanchez,player
MEX15,Mexico,Hirving Lozano,hirving lozano,player
MEX16,Mexico,Santiago Giménez,santiago gimenez,player
MEX17,Mexico,Raúl Jiménez,raul jimenez,player
MEX18,Mexico,Alexis Vega,alexis vega,player
MEX19,Mexico,Roberto Alvarado,roberto alvarado,player
MEX20,Mexico,Cesar Huerta,cesar huerta,player
RSA1,South Africa,Emblem South Africa,emblem south africa,badge
RSA2,South Africa,Ronwen Williams,ronwen williams,player
RSA3,South Africa,Sipho Chaine,sipho chaine,player
RSA4,South Africa,Aubrey Modiba,aubrey modiba,player
RSA5,South Africa,Samukele Kabini,samukele kabini,player
RSA6,South Africa,Mbekezeli Mbokazi,mbekezeli mbokazi,player
RSA7,South Africa,Khulumani Ndamane,khulumani ndamane,player
RSA8,South Africa,Siyabonga Ngezana,siyabonga ngezana,player
RSA9,South Africa,Khuliso Mudau,khuliso mudau,player
RSA10,South Africa,Nkosinathi Sibisi,nkosinathi sibisi,player
RSA11,South Africa,Teboho Mokoena,teboho mokoena,player
RSA12,South Africa,Thalente Mbatha,thalente mbatha,player
RSA13,South Africa,Team Photo,team photo,badge
RSA14,South Africa,Bathasi Aubaas,bathasi aubaas,player
RSA15,South Africa,Yaya Sithole,yaya sithole,player
RSA16,South Africa,Sipho Mbule,sipho mbule,player
RSA17,South Africa,Lyle Foster,lyle foster,player
RSA18,South Africa,Iqraam Rayners,iqraam rayners,player
RSA19,South Africa,Mohau Nkota,mohau nkota,player
RSA20,South Africa,Oswin Appollis,oswin appollis,player
KOR1,South Korea,Emblem South Korea,emblem south korea,badge
KOR2,South Korea,Hyeon-woo Jo,hyeon-woo jo,player
KOR3,South Korea,Seung-Gyu Kim,seung-gyu kim,player
KOR4,South Korea,Min-jae Kim,min-jae kim,player
KOR5,South Korea,Yu-min Cho,yu-min cho,player
KOR6,South Korea,Young-woo Seol,young-woo seol,player
KOR7,South Korea,Han-beom Lee,han-beom lee,player
KOR8,South Korea,Tae-seok Lee,tae-seok lee,player
KOR9,South Korea,Myung-jae Lee,myung-jae lee,player
KOR10,South Korea,Jae-sung Lee,jae-sung lee,player
KOR11,South Korea,In-beom Hwang,in-beom hwang,player
KOR12,South Korea,Kang-in Lee,kang-in lee,player
KOR13,South Korea,Team Photo,team photo,badge
KOR14,South Korea,Seung-ho Paik,seung-ho paik,player
KOR15,South Korea,Jens Castrop,jens castrop,player
KOR16,South Korea,Dongg-yeong Lee,dongg-yeong lee,player
KOR17,South Korea,Gue-sung Cho,gue-sung cho,player
KOR18,South Korea,Heung-min Son,heung-min son,player
KOR19,South Korea,Hee-chan Hwang,hee-chan hwang,player
KOR20,South Korea,Hyeon-Gyu Oh,hyeon-gyu oh,player
CZE1,Czechia,Emblem Czechia,emblem czechia,badge
CZE2,Czechia,Matej Kovar,matej kovar,player
CZE3,Czechia,Jindrich Stanek,jindrich stanek,player
CZE4,Czechia,Ladislav Krejci,ladislav krejci,player
CZE5,Czechia,Vladimir Coufal,vladimir coufal,player
CZE6,Czechia,Jaroslav Zeleny,jaroslav zeleny,player
CZE7,Czechia,Tomas Holes,tomas holes,player
CZE8,Czechia,David Zima,david zima,player
CZE9,Czechia,Michal Sadilek,michal sadilek,player
CZE10,Czechia,Lukas Provod,lukas provod,player
CZE11,Czechia,Lukas Cerv,lukas cerv,player
CZE12,Czechia,Tomas Soucek,tomas soucek,player
CZE13,Czechia,Team Photo,team photo,badge
CZE14,Czechia,Pavel Sulc,pavel sulc,player
CZE15,Czechia,Matej Vydra,matej vydra,player
CZE16,Czechia,Vasil Kusej,vasil kusej,player
CZE17,Czechia,Tomas Chory,tomas chory,player
CZE18,Czechia,Vaclav Cerny,vaclav cerny,player
CZE19,Czechia,Adam Hlozek,adam hlozek,player
CZE20,Czechia,Patrik Schick,patrik schick,player
CAN1,Canada,Emblem Canada,emblem canada,badge
CAN2,Canada,Dayne St.Clair,dayne st.clair,player
CAN3,Canada,Alphonso Davies,alphonso davies,player
CAN4,Canada,Alistair Johnston,alistair johnston,player
CAN5,Canada,Samuel Adekugbe,samuel adekugbe,player
CAN6,Canada,Riche Larvea,riche larvea,player
CAN7,Canada,Derek Cornelius,derek cornelius,player
CAN8,Canada,Moïse Bombito,moise bombito,player
CAN9,Canada,Kamal Miller,kamal miller,player
CAN10,Canada,Stephen Eustáquio,stephen eustaquio,player
CAN11,Canada,Ismaël Koné,ismael kone,player
CAN12,Canada,Jonathan Osorio,jonathan osorio,player
CAN13,Canada,Team Photo,team photo,badge
CAN14,Canada,Jacob Shaffelburg,jacob shaffelburg,player
CAN15,Canada,Mathieu Choinière,mathieu choiniere,player
CAN16,Canada,Niko Sigur,niko sigur,player
CAN17,Canada,Tajon Buchanan,tajon buchanan,player
CAN18,Canada,Liam Millar,liam millar,player
CAN19,Canada,Cyle Larin,cyle larin,player
CAN20,Canada,Jonathan David,jonathan david,player
BIH1,Bosnia and Herzegovina,Emblem Bosnia and Herzegovina,emblem bosnia and herzegovina,badge
BIH2,Bosnia and Herzegovina,Nikola Vasilj,nikola vasilj,player
BIH3,Bosnia and Herzegovina,Amer Dedic,amer dedic,player
BIH4,Bosnia and Herzegovina,Sead Kolasinac,sead kolasinac,player
BIH5,Bosnia and Herzegovina,Tarik Muharemovic,tarik muharemovic,player
BIH6,Bosnia and Herzegovina,Nihad Mujakic,nihad mujakic,player
BIH7,Bosnia and Herzegovina,Nikola Katic,nikola katic,player
BIH8,Bosnia and Herzegovina,Amir Hadziahmetovic,amir hadziahmetovic,player
BIH9,Bosnia and Herzegovina,Benjamin Tahirovic,benjamin tahirovic,player
BIH10,Bosnia and Herzegovina,Armin Gigovic,armin gigovic,player
BIH11,Bosnia and Herzegovina,Ivan Sunjic,ivan sunjic,player
BIH12,Bosnia and Herzegovina,Ivan Basic,ivan basic,player
BIH13,Bosnia and Herzegovina,Team Photo,team photo,badge
BIH14,Bosnia and Herzegovina,Dzenis Burnic,dzenis burnic,player
BIH15,Bosnia and Herzegovina,Esmir Bajraktarevic,esmir bajraktarevic,player
BIH16,Bosnia and Herzegovina,Amar Memic,amar memic,player
BIH17,Bosnia and Herzegovina,Ermedin Demirovic,ermedin demirovic,player
BIH18,Bosnia and Herzegovina,Edin Dzeko,edin dzeko,player
BIH19,Bosnia and Herzegovina,Samed Bazdar,samed bazdar,player
BIH20,Bosnia and Herzegovina,Haris Tabakovic,haris tabakovic,player
QAT1,Qatar,Emblem Qatar,emblem qatar,badge
QAT2,Qatar,Meshaal Barsham,meshaal barsham,player
QAT3,Qatar,Sultan Albrake,sultan albrake,player
QAT4,Qatar,Lucas Mendes,lucas mendes,player
QAT5,Qatar,Homam Ahmed,homam ahmed,player
QAT6,Qatar,Boualem Khoukhi,boualem khoukhi,player
QAT7,Qatar,Pedro Miguel,pedro miguel,player
QAT8,Qatar,Tarek Salman,tarek salman,player
QAT9,Qatar,Mohamed Al-Mannai,mohamed al-mannai,player
QAT10,Qatar,Karim Boudiaf,karim boudiaf,player
QAT11,Qatar,Assim Madibo,assim madibo,player
QAT12,Qatar,Ahmed Fatehi,ahmed fatehi,player
QAT13,Qatar,Team Photo,team photo,badge
QAT14,Qatar,Mohammed Waad,mohammed waad,player
QAT15,Qatar,Abdulaziz Hatem,abdulaziz hatem,player
QAT16,Qatar,Hassan Al-Haydos,hassan al-haydos,player
QAT17,Qatar,Edmilson Junior,edmilson junior,player
QAT18,Qatar,Akram Hassan Afif,akram hassan afif,player
QAT19,Qatar,Ahmed Al Ganehi,ahmed al ganehi,player
QAT20,Qatar,Almoez Ali,almoez ali,player
SUI1,Switzerland,Emblem Switzerland,emblem switzerland,badge
SUI2,Switzerland,Gregor Kobel,gregor kobel,player
SUI3,Switzerland,Yvon Mvogo,yvon mvogo,player
SUI4,Switzerland,Manuel Akanji,manuel akanji,player
SUI5,Switzerland,Ricardo Rodriguez,ricardo rodriguez,player
SUI6,Switzerland,Nico Elvedi,nico elvedi,player
SUI7,Switzerland,Aurèle Amenda,aurele amenda,player
SUI8,Switzerland,Silvan Widmer,silvan widmer,player
SWI9,Switzerland,Granit Xhaka,granit xhaka,player
SUI10,Switzerland,Denis Zakaria,denis zakaria,player
SUI11,Switzerland,Remo Freuler,remo freuler,player
SUI12,Switzerland,Fabian Rieder,fabian rieder,player
SUI13,Switzerland,Team Photo,team photo,badge
SUI14,Switzerland,Ardon Jashari,ardon jashari,player
SUI15,Switzerland,Johan Manzambi,johan manzambi,player
SUI16,Switzerland,Michel Aebischer,michel aebischer,player
SUI17,Switzerland,Breel Embolo,breel embolo,player
SUI18,Switzerland,Ruben Vargas,ruben vargas,player
SUI19,Switzerland,Dan Ndoye,dan ndoye,player
SWI20,Switzerland,Zeki Amdouni,zeki amdouni,player
BRA1,Brazil,Emblem Brazil,emblem brazil,badge
BRA2,Brazil,Alisson,alisson,player
BRA3,Brazil,Bento,bento,player
BRA4,Brazil,Marquinhos,marquinhos,player
BRA5,Brazil,Éder Militão,eder militao,player
BRA6,Brazil,Gabriel Magalhães,gabriel magalhaes,player
BRA7,Brazil,Danilo,danilo,player
BRA8,Brazil,Wesley,wesley,player
BRA9,Brazil,Lucas Paquetá,lucas paqueta,player
BRA10,Brazil,Casemiro,casemiro,player
BRA11,Brazil,Bruno Guimarães,bruno guimaraes,player
BRA12,Brazil,Luiz Henrique,luiz henrique,player
BRA13,Brazil,Team Photo,team photo,badge
BRA14,Brazil,Vinicius Júnior,vinicius junior,player
BRA15,Brazil,Rodrygo,rodrygo,player
BRA16,Brazil,João Pedro,joao pedro,player
BRA17,Brazil,Matheus Cunha,matheus cunha,player
BRA18,Brazil,Gabriel Martinelli,gabriel martinelli,player
BRA19,Brazil,Raphinha,raphinha,player
BRA20,Brazil,Estévão,estevao,player
MAR1,Morocco,Emblem Morocco,emblem morocco,badge
MAR2,Morocco,Yassine Bounou,yassine bounou,player
MAR3,Morocco,Munir El Kajoui,munir el kajoui,player
MAR4,Morocco,Achraf Hakimi,achraf hakimi,player
MAR5,Morocco,Noussair Mazraoui,noussair mazraoui,player
MAR6,Morocco,Nayef Aguerd,nayef aguerd,player
MAR7,Morocco,Roman Saiss,roman saiss,player
MAR8,Morocco,Jawad El Yamio,jawad el yamio,player
MAR9,Morocco,Adam Masina,adam masina,player
MAR10,Morocco,Sofyan Amrabat,sofyan amrabat,player
MAR11,Morocco,Azzedine Ounahi,azzedine ounahi,player
MAR12,Morocco,Eliesse Ben Seghir,eliesse ben seghir,player
MAR13,Morocco,Team Photo,team photo,badge
MAR14,Morocco,Bilal El Khannouss,bilal el khannouss,player
MAR15,Morocco,Ismael Saibari,ismael saibari,player
MAR16,Morocco,Youssef En-Nesyri,youssef en-nesyri,player
MAR17,Morocco,Abde Ezzalzouli,abde ezzalzouli,player
MAR18,Morocco,Soufiane Rahimi,soufiane rahimi,player
MAR19,Morocco,Brahim Diaz,brahim diaz,player
MAR20,Morocco,Ayoub El Kaabi,ayoub el kaabi,player
HAI1,Haiti,Emblem Haiti,emblem haiti,badge
HAI2,Haiti,Johny Placide,johny placide,player
HAI3,Haiti,Carlens Arcus,carlens arcus,player
HAI4,Haiti,Martin Expérience,martin experience,player
HAI5,Haiti,Jean-Kevin Duverne,jean-kevin duverne,player
HAI6,Haiti,Ricardo Adé,ricardo ade,player
HAI7,Haiti,Duke Lacroix,duke lacroix,player
HAI8,Haiti,Garven Metusala,garven metusala,player
HAI9,Haiti,Hannes Delcroix,hannes delcroix,player
HAI10,Haiti,Leverton Pierre,leverton pierre,player
HAI11,Haiti,Danley Jean Jacques,danley jean jacques,player
HAI12,Haiti,Jean-Ricner Bellegarde,jean-ricner bellegarde,player
HAI13,Haiti,Team Photo,team photo,badge
HAI14,Haiti,Christopher Attys,christopher attys,player
HAI15,Haiti,Derrick Etienne Jr,derrick etienne jr,player
HAI16,Haiti,Josue Casimir,josue casimir,player
HAI17,Haiti,Ruben Providence,ruben providence,player
HAI18,Haiti,Duckens Nazon,duckens nazon,player
HAI19,Haiti,Louicius Deedson,louicius deedson,player
HAI20,Haiti,Frantzdy Pierrot,frantzdy pierrot,player
SCO1,Scotland,Emblem Scotland,emblem scotland,badge
SCO2,Scotland,Angus Gunn,angus gunn,player
SCO3,Scotland,Jack Hendry,jack hendry,player
SCO4,Scotland,Kieran Tierney,kieran tierney,player
SCO5,Scotland,Aaron Hickey,aaron hickey,player
SCO6,Scotland,Andrew Robertson,andrew robertson,player
SCO7,Scotland,Scott McKenna,scott mckenna,player
SCO8,Scotland,John Souttar,john souttar,player
SCO9,Scotland,Anthony Ralston,anthony ralston,player
SCO10,Scotland,Grant Hanley,grant hanley,player
SCO11,Scotland,Scott McTominay,scott mctominay,player
SCO12,Scotland,Billy Gilmour,billy gilmour,player
SCO13,Scotland,Team Photo,team photo,badge
SCO14,Scotland,Lewis Ferguson,lewis ferguson,player
SCO15,Scotland,Ryan Christie,ryan christie,player
SCO16,Scotland,Kenny McLean,kenny mclean,player
SCO17,Scotland,John McGinn,john mcginn,player
SCO18,Scotland,Lyndon Dykes,lyndon dykes,player
SCO19,Scotland,Che Adams,che adams,player
SCO20,Scotland,Ben Gannon-Doak,ben gannon-doak,player
USA1,USA,Emblem USA,emblem usa,badge
USA2,USA,Math Freese,math freese,player
USA3,USA,Chris Richards,chris richards,player
USA4,USA,Tim Ream,tim ream,player
USA5,USA,Mark McKenzie,mark mckenzie,player
USA6,USA,Alex Freeman,alex freeman,player
USA7,USA,Antonee Robinson,antonee robinson,player
USA8,USA,Tyler Adams,tyler adams,player
USA9,USA,Tanner Tessmann,tanner tessmann,player
USA10,USA,Weston McKenny,weston mckenny,player
USA11,USA,Christian Roldan,christian roldan,player
USA12,USA,Timothy Weah,timothy weah,player
USA13,USA,Team Photo,team photo,badge
USA14,USA,Diego Luna,diego luna,player
USA15,USA,Malik Tillman,malik tillman,player
USA16,USA,Christian Pulisic,christian pulisic,player
USA17,USA,Brenden Aaronson,brenden aaronson,player
USA18,USA,Ricardo Pepi,ricardo pepi,player
USA19,USA,Haji Wright,haji wright,player
USA20,USA,Folarin Balogun,folarin balogun,player
PAR1,Paraguay,Emblem Paraguay,emblem paraguay,badge
PAR2,Paraguay,Roberto Fernandez,roberto fernandez,player
PAR3,Paraguay,Orlando Gill,orlando gill,player
PAR4,Paraguay,Gustavo Gomez,gustavo gomez,player
PAR5,Paraguay,Fabián Balbuena,fabian balbuena,player
PAR6,Paraguay,Juan José Cáceres,juan jose caceres,player
PAR7,Paraguay,Omar Alderete,omar alderete,player
PAR8,Paraguay,Junior Alonso,junior alonso,player
PAR9,Paraguay,Mathías Villasanti,mathias villasanti,player
PAR10,Paraguay,Diego Gomez,diego gomez,player
PAR11,Paraguay,Damián Bobadilla,damian bobadilla,player
PAR12,Paraguay,Andres Cubas,andres cubas,player
PAR13,Paraguay,Team Photo,team photo,badge
PAR14,Paraguay,Matias Galarza Fonda,matias galarza fonda,player
PAR15,Paraguay,Julio Enciso,julio enciso,player
PAR16,Paraguay,Alejandro Romero Gamarra,alejandro romero gamarra,player
PAR17,Paraguay,Miguel Almirón,miguel almiron,player
PAR18,Paraguay,Ramon Sosa,ramon sosa,player
PAR19,Paraguay,Angel Romero,angel romero,player
PAR20,Paraguay,Antonio Sanabria,antonio sanabria,player
AUS1,Australia,Emblem Australia,emblem australia,badge
AUS2,Australia,Mathew Ryan,mathew ryan,player
AUS3,Australia,Joe Gauci,joe gauci,player
AUS4,Australia,Harry Souttar,harry souttar,player
AUS5,Australia,Alessandro Circati,alessandro circati,player
AUS6,Australia,Jordan Bos,jordan bos,player
AUS7,Australia,Aziz Behich,aziz behich,player
AUS8,Australia,Cameron Burgess,cameron burgess,player
AUS9,Australia,Lewis Miller,lewis miller,player
AUS10,Australia,Milos Degenek,milos degenek,player
AUS11,Australia,Jackson Irvine,jackson irvine,player
AUS12,Australia,Riley McGree,riley mcgree,player
AUS13,Australia,Team Photo,team photo,badge
AUS14,Australia,Aiden O'Neill,aiden o'neill,player
AUS15,Australia,Connor Metcalfe,connor metcalfe,player
AUS16,Australia,Patrick Yazbek,patrick yazbek,player
AUS17,Australia,Craig Goodwin,craig goodwin,player
AUS18,Australia,Kusini Vengi,kusini vengi,player
AUS19,Australia,Nestory Irankunda,nestory irankunda,player
AUS20,Australia,Mohamed Touré,mohamed toure,player
TUR1,Türkiye,Emblem Türkiye,emblem turkiye,badge
TUR2,Türkiye,Ugurcan Cakir,ugurcan cakir,player
TUR3,Türkiye,Mert Muldur,mert muldur,player
TUR4,Türkiye,Zeki Celik,zeki celik,player
TUR5,Türkiye,Abdulkerim Bardakci,abdulkerim bardakci,player
TUR6,Türkiye,Caglar Soyuncu,caglar soyuncu,player
TUR7,Türkiye,Merih Demiral,merih demiral,player
TUR8,Türkiye,Ferdi Kadioglu,ferdi kadioglu,player
TUR9,Türkiye,Kaan Ayhan,kaan ayhan,player
TUR10,Türkiye,Ismail Yuksek,ismail yuksek,player
TUR11,Türkiye,Hakan Calhanoglu,hakan calhanoglu,player
TUR12,Türkiye,Orkun Kokcu,orkun kokcu,player
TUR13,Türkiye,Team Photo,team photo,badge
TUR14,Türkiye,Arda Guler,arda guler,player
TUR15,Türkiye,Irfan Can Kahveci,irfan can kahveci,player
TUR16,Türkiye,Yunus Akgun,yunus akgun,player
TUR17,Türkiye,Can Uzun,can uzun,player
TUR18,Türkiye,Baris Alper Yilmaz,baris alper yilmaz,player
TUR19,Türkiye,Kerem Akturkoglu,kerem akturkoglu,player
TUR20,Türkiye,Kenan Yildiz,kenan yildiz,player
GER1,Germany,Emblem Germany,emblem germany,badge
GER2,Germany,Marc-André ter Stegen,marc-andre ter stegen,player
GER3,Germany,Jonathan Tah,jonathan tah,player
GER4,Germany,David Raum,david raum,player
GER5,Germany,Nico Schlotterbeck,nico schlotterbeck,player
GER6,Germany,Antonio Rüdiger,antonio rudiger,player
GER7,Germany,Waldemar Anton,waldemar anton,player
GER8,Germany,Ridle Baku,ridle baku,player
GER9,Germany,Maximilian Mittelstadt,maximilian mittelstadt,player
GER10,Germany,Joshua Kimmich,joshua kimmich,player
GER11,Germany,Florian Wirtz,florian wirtz,player
GER12,Germany,Felix Nmecha,felix nmecha,player
GER13,Germany,Team Photo,team photo,badge
GER14,Germany,Leon Goretzka,leon goretzka,player
GER15,Germany,Jamal Musiala,jamal musiala,player
GER16,Germany,Serge Gnabry,serge gnabry,player
GER17,Germany,Kai Havertz,kai havertz,player
GER18,Germany,Leroy Sane,leroy sane,player
GER19,Germany,Karim Adeyemi,karim adeyemi,player
GER20,Germany,Nick Woltemade,nick woltemade,player
CUW1,Curaçao,Emblem Curaçao,emblem curacao,badge
CUW2,Curaçao,Eloy Room,eloy room,player
CUW3,Curaçao,Armando Obispo,armando obispo,player
CUW4,Curaçao,Sherel Floranus,sherel floranus,player
CUW5,Curaçao,Jurien Gaari,jurien gaari,player
CUW6,Curaçao,Joshua Brenet,joshua brenet,player
CUW7,Curaçao,Roshon Van Eijma,roshon van eijma,player
CUW8,Curaçao,Shurandy Sambo,shurandy sambo,player
CUW9,Curaçao,Livano Comenencia,livano comenencia,player
CUW10,Curaçao,Godfried Roemeratoe,godfried roemeratoe,player
CUW11,Curaçao,Juninho Bacuna,juninho bacuna,player
CUW12,Curaçao,Leandro Bacuna,leandro bacuna,player
CUW13,Curaçao,Team Photo,team photo,badge
CUW14,Curaçao,Tahith Chong,tahith chong,player
CUW15,Curaçao,Kenji Gorre,kenji gorre,player
CUW16,Curaçao,Jearl Margaritha,jearl margaritha,player
CUW17,Curaçao,Jurgen Locadia,jurgen locadia,player
CUW18,Curaçao,Jeremy Antonisse,jeremy antonisse,player
CUW19,Curaçao,Gervane Kastaneer,gervane kastaneer,player
CUW20,Curaçao,Sontje Hansen,sontje hansen,player
CIV1,Ivory Coast,Emblem Ivory Coast,emblem ivory coast,badge
CIV2,Ivory Coast,Yahia Fofana,yahia fofana,player
CIV3,Ivory Coast,Ghislain Konan,ghislain konan,player
CIV4,Ivory Coast,Wilfried Singo,wilfried singo,player
CIV5,Ivory Coast,Odilon Kossounou,odilon kossounou,player
CIV6,Ivory Coast,Evan Ndicka,evan ndicka,player
CIV7,Ivory Coast,Willy Boly,willy boly,player
CIV8,Ivory Coast,Emmanuel Agbadou,emmanuel agbadou,player
CIV9,Ivory Coast,Ousmane Diomande,ousmane diomande,player
CIV10,Ivory Coast,Franck Kessie,franck kessie,player
CIV11,Ivory Coast,Seko Fofana,seko fofana,player
CIV12,Ivory Coast,Ibrahim Sangare,ibrahim sangare,player
CIV13,Ivory Coast,Team Photo,team photo,badge
CIV14,Ivory Coast,Jean-Philippe Gbamin,jean-philippe gbamin,player
CIV15,Ivory Coast,Amad Diallo,amad diallo,player
CIV16,Ivory Coast,Sébastien Haller,sebastien haller,player
CIV17,Ivory Coast,Simon Adingra,simon adingra,player
CIV18,Ivory Coast,Yan Diomande,yan diomande,player
CIV19,Ivory Coast,Evann Guessand,evann guessand,player
CIV20,Ivory Coast,Oumar Diakite,oumar diakite,player
ECU1,Ecuador,Emblem Ecuador,emblem ecuador,badge
ECU2,Ecuador,Hernán Galíndez,hernan galindez,player
ECU3,Ecuador,Gonzalo Valle,gonzalo valle,player
ECU4,Ecuador,Piero Hincapié,piero hincapie,player
ECU5,Ecuador,Pervis Estupiñán,pervis estupinan,player
ECU6,Ecuador,Willian Pacho,willian pacho,player
ECU7,Ecuador,Ángelo Preciado,angelo preciado,player
ECU8,Ecuador,Joel Ordóñez,joel ordonez,player
ECU9,Ecuador,Moises Caicedo,moises caicedo,player
ECU10,Ecuador,Alan Franco,alan franco,player
ECU11,Ecuador,Kendry Paez,kendry paez,player
ECU12,Ecuador,Pedro Vite,pedro vite,player
ECU13,Ecuador,Team Photo,team photo,badge
ECU14,Ecuador,John Veboah,john veboah,player
ECU15,Ecuador,Leonardo Campana,leonardo campana,player
ECU16,Ecuador,Gonzalo Plata,gonzalo plata,player
ECU17,Ecuador,Nilson Angulo,nilson angulo,player
ECU18,Ecuador,Alan Minda,alan minda,player
ECU19,Ecuador,Kevin Rodriguez,kevin rodriguez,player
ECU20,Ecuador,Enner Valencia,enner valencia,player
NED1,Netherlands,Emblem Netherlands,emblem netherlands,badge
NED2,Netherlands,Bart Verbruggen,bart verbruggen,player
NED3,Netherlands,Virgil van Dijk,virgil van dijk,player
NED4,Netherlands,Micky van de Ven,micky van de ven,player
NED5,Netherlands,Jurrien Timber,jurrien timber,player
NED6,Netherlands,Denzel Dumfries,denzel dumfries,player
NED7,Netherlands,Nathan Aké,nathan ake,player
NED8,Netherlands,Jeremie Frimpong,jeremie frimpong,player
NED9,Netherlands,Jan Paul van Hecke,jan paul van hecke,player
NED10,Netherlands,Tijjani Reijnders,tijjani reijnders,player
NED11,Netherlands,Ryan Gravenberch,ryan gravenberch,player
NED12,Netherlands,Teun Koopmeiners,teun koopmeiners,player
NED13,Netherlands,Team Photo,team photo,badge
NED14,Netherlands,Frenkie de Jong,frenkie de jong,player
NED15,Netherlands,Xavi Simons,xavi simons,player
NED16,Netherlands,Justin Kluivert,justin kluivert,player
NED17,Netherlands,Memphis Depay,memphis depay,player
NED18,Netherlands,Donyell Malen,donyell malen,player
NED19,Netherlands,Wout Weghorst,wout weghorst,player
NED20,Netherlands,Cody Gakpo,cody gakpo,player
JPN1,Japan,Emblem Japan,emblem japan,badge
JPN2,Japan,Zion Suzuki,zion suzuki,player
JPN3,Japan,Henry Heroki Mochizuki,henry heroki mochizuki,player
JPN4,Japan,Ayumu Seko,ayumu seko,player
JPN5,Japan,Junnosuke Suzuki,junnosuke suzuki,player
JPN6,Japan,Shogo Taniguchi,shogo taniguchi,player
JPN7,Japan,Tsuyoshi Watanabe,tsuyoshi watanabe,player
JPN8,Japan,Kaishu Sano,kaishu sano,player
JPN9,Japan,Yuki Soma,yuki soma,player
JPN10,Japan,Ao Tanaka,ao tanaka,player
JPN11,Japan,Daichi Kamada,daichi kamada,player
JPN12,Japan,Takefusa Kubo,takefusa kubo,player
JPN13,Japan,Team Photo,team photo,badge
JPN14,Japan,Ritsu Doan,ritsu doan,player
JPN15,Japan,Keito Nakamura,keito nakamura,player
JPN16,Japan,Takumi Minamino,takumi minamino,player
JPN17,Japan,Shuto Machino,shuto machino,player
JPN18,Japan,Junya Ito,junya ito,player
JPN19,Japan,Koki Ogawa,koki ogawa,player
JPN20,Japan,Ayase Ueda,ayase ueda,player
SWE1,Sweden,Emblem Sweden,emblem sweden,badge
SWE2,Sweden,Victor Johansson,victor johansson,player
SWE3,Sweden,Isak Hien,isak hien,player
SWE4,Sweden,Gabriel Gudmundsson,gabriel gudmundsson,player
SWE5,Sweden,Emil Holm,emil holm,player
SWE6,Sweden,Victor Nilsson Lindelöf,victor nilsson lindelof,player
SWE7,Sweden,Gustaf Lagerbielke,gustaf lagerbielke,player
SWE8,Sweden,Lucas Bergvall,lucas bergvall,player
SWE9,Sweden,Hugo Larsson,hugo larsson,player
SWE10,Sweden,Jesper Karlström,jesper karlstrom,player
SWE11,Sweden,Yasin Ayari,yasin ayari,player
SWE12,Sweden,Mattias Svanberg,mattias svanberg,player
SWE13,Sweden,Team Photo,team photo,badge
SWE14,Sweden,Daniel Svensson,daniel svensson,player
SWE15,Sweden,Ken Sema,ken sema,player
SWE16,Sweden,Roony Bardghji,roony bardghji,player
SWE17,Sweden,Dejan Kulusevski,dejan kulusevski,player
SWE18,Sweden,Anthony Elanga,anthony elanga,player
SWE19,Sweden,Alexander Isak,alexander isak,player
SWE20,Sweden,Viktor Gyökeres,viktor gyokeres,player
TUN1,Tunisia,Emblem Tunisia,emblem tunisia,badge
TUN2,Tunisia,Bechir Ben Said,bechir ben said,player
TUN3,Tunisia,Aymen Dahmen,aymen dahmen,player
TUN4,Tunisia,Yan Valery,yan valery,player
TUN5,Tunisia,Montassar Talbi,montassar talbi,player
TUN6,Tunisia,Yassine Meriah,yassine meriah,player
TUN7,Tunisia,Ali Abdi,ali abdi,player
TUN8,Tunisia,Dylan Bronn,dylan bronn,player
TUN9,Tunisia,Ellyes Skhiri,ellyes skhiri,player
TUN10,Tunisia,Aissa Laidouni,aissa laidouni,player
TUN11,Tunisia,Ferjani Sassi,ferjani sassi,player
TUN12,Tunisia,Mohamed Ali Ben Romdhane,mohamed ali ben romdhane,player
TUN13,Tunisia,Team Photo,team photo,badge
TUN14,Tunisia,Hannibal Mejbri,hannibal mejbri,player
TUN15,Tunisia,Elias Achouri,elias achouri,player
TUN16,Tunisia,Elias Saad,elias saad,player
TUN17,Tunisia,Hazem Mastouri,hazem mastouri,player
TUN18,Tunisia,Ismael Gharbi,ismael gharbi,player
TUN19,Tunisia,Sayfallah Ltaief,sayfallah ltaief,player
TUN20,Tunisia,Naim Sliti,naim sliti,player
BEL1,Belgium,Emblem Belgium,emblem belgium,badge
BEL2,Belgium,Thibaut Courtois,thibaut courtois,player
BEL3,Belgium,Arthur Theate,arthur theate,player
BEL4,Belgium,Timothy Castagne,timothy castagne,player
BEL5,Belgium,Zeno Debast,zeno debast,player
BEL6,Belgium,Brandon Mechele,brandon mechele,player
BEL7,Belgium,Maxim De Cuyper,maxim de cuyper,player
BEL8,Belgium,Thomas Meunier,thomas meunier,player
BEL9,Belgium,Youri Tielemans,youri tielemans,player
BEL10,Belgium,Amadou Onana,amadou onana,player
BEL11,Belgium,Nicolas Raskin,nicolas raskin,player
BEL12,Belgium,Alexis Saelemaekers,alexis saelemaekers,player
BEL13,Belgium,Team Photo,team photo,badge
BEL14,Belgium,Hans Vanaken,hans vanaken,player
BEL15,Belgium,Kevin De Bruyne,kevin de bruyne,player
BEL16,Belgium,Jérémy Doku,jeremy doku,player
BEL17,Belgium,Charles De Ketelaere,charles de ketelaere,player
BEL18,Belgium,Leandro Trossard,leandro trossard,player
BEL19,Belgium,Loïs Openda,lois openda,player
BEL20,Belgium,Romelu Lukaku,romelu lukaku,player
EGY1,Egypt,Emblem Egypt,emblem egypt,badge
EGY2,Egypt,Mohamed El Shenawy,mohamed el shenawy,player
EGY3,Egypt,Mohamed Hany,mohamed hany,player
EGY4,Egypt,Mohamed Hamdy,mohamed hamdy,player
EGY5,Egypt,Yasser Ibrahim,yasser ibrahim,player
EGY6,Egypt,Khaled Sobhi,khaled sobhi,player
EGY7,Egypt,Ramy Rabia,ramy rabia,player
EGY8,Egypt,Hossam Abdelmaguid,hossam abdelmaguid,player
EGY9,Egypt,Ahmed Fatouh,ahmed fatouh,player
EGY10,Egypt,Marwan Attia,marwan attia,player
EGY11,Egypt,Zizo,zizo,player
EGY12,Egypt,Hamdy Fathy,hamdy fathy,player
EGY13,Egypt,Team Photo,team photo,badge
EGY14,Egypt,Mohamed Lasheen,mohamed lasheen,player
EGY15,Egypt,Emam Ashour,emam ashour,player
EGY16,Egypt,Osama Faisal,osama faisal,player
EGY17,Egypt,Mohamed Salah,mohamed salah,player
EGY18,Egypt,Mostafa Mohamed,mostafa mohamed,player
EGY19,Egypt,Trezeguet,trezeguet,player
EGY20,Egypt,Omar Marmoush,omar marmoush,player
IRN1,Iran,Emblem Iran,emblem iran,badge
IRN2,Iran,Alireza Beiranvand,alireza beiranvand,player
IRN3,Iran,Morteza Pouraliganji,morteza pouraliganji,player
IRN4,Iran,Ehsan Hajsafi,ehsan hajsafi,player
IRN5,Iran,Milad Mohammadi,milad mohammadi,player
IRN6,Iran,Shojae Khalilzadeh,shojae khalilzadeh,player
IRN7,Iran,Ramin Rezaeian,ramin rezaeian,player
IRN8,Iran,Hossein Kanaani,hossein kanaani,player
IRN9,Iran,Sadegh Moharrami,sadegh moharrami,player
IRN10,Iran,Saleh Hardani,saleh hardani,player
IRN11,Iran,Saeed Ezatolahi,saeed ezatolahi,player
IRN12,Iran,Saman Ghoddos,saman ghoddos,player
IRN13,Iran,Team Photo,team photo,badge
IRN14,Iran,Omid Noorafkan,omid noorafkan,player
IRN15,Iran,Roozbeh Cheshmi,roozbeh cheshmi,player
IRN16,Iran,Mohammad Mohebi,mohammad mohebi,player
IRN17,Iran,Sardar Azmoun,sardar azmoun,player
IRN18,Iran,Mehdi Taremi,mehdi taremi,player
IRN19,Iran,Alireza Jahanbakhsh,alireza jahanbakhsh,player
IRN20,Iran,Ali Gholizadeh,ali gholizadeh,player
NZL1,New Zealand,Emblem New Zealand,emblem new zealand,badge
NZL2,New Zealand,Max Crocombe Payne,max crocombe payne,player
NZL3,New Zealand,Alex Paulsen,alex paulsen,player
NZL4,New Zealand,Michael Boxall,michael boxall,player
NZL5,New Zealand,Liberato Cacace,liberato cacace,player
NZL6,New Zealand,Tim Payne,tim payne,player
NZL7,New Zealand,Tyler Bindon,tyler bindon,player
NZL8,New Zealand,Francis de Vries,francis de vries,player
NZL9,New Zealand,Finn Surman,finn surman,player
NZL10,New Zealand,Joe Bell,joe bell,player
NZL11,New Zealand,Sarpreet Singh,sarpreet singh,player
NZL12,New Zealand,Ryan Thomas,ryan thomas,player
NZL13,New Zealand,Team Photo,team photo,badge
NZL14,New Zealand,Matthew Garbett,matthew garbett,player
NZL15,New Zealand,Marko Stamenić,marko stamenic,player
NZL16,New Zealand,Ben Old,ben old,player
NZL17,New Zealand,Chris Wood,chris wood,player
NZL18,New Zealand,Elijah Just,elijah just,player
NZL19,New Zealand,Callum McCowatt,callum mccowatt,player
NZL20,New Zealand,Kosta Barbarouses,kosta barbarouses,player
ESP1,Spain,Emblem Spain,emblem spain,badge
ESP2,Spain,Unai Simon,unai simon,player
ESP3,Spain,Robin Le Normand,robin le normand,player
ESP4,Spain,Aymeric Laporte,aymeric laporte,player
ESP5,Spain,Dean Huijsen,dean huijsen,player
ESP6,Spain,Pedro Porro,pedro porro,player
ESP7,Spain,Dani Carvajal,dani carvajal,player
ESP8,Spain,Marc Cucurella,marc cucurella,player
ESP9,Spain,Martín Zubimendi,martin zubimendi,player
ESP10,Spain,Rodri,rodri,player
ESP11,Spain,Pedri,pedri,player
ESP12,Spain,Fabian Ruiz,fabian ruiz,player
ESP13,Spain,Team Photo,team photo,badge
ESP14,Spain,Mikel Merino,mikel merino,player
ESP15,Spain,Lamine Yamal,lamine yamal,player
ESP16,Spain,Dani Olmo,dani olmo,player
ESP17,Spain,Nico Williams,nico williams,player
ESP18,Spain,Ferran Torres,ferran torres,player
ESP19,Spain,Álvaro Morata,alvaro morata,player
ESP20,Spain,Mikel Oyarzabal,mikel oyarzabal,player
CPV1,Cape Verde,Emblem Cape Verde,emblem cape verde,badge
CPV2,Cape Verde,Vozinha,vozinha,player
CPV3,Cape Verde,Logan Costa,logan costa,player
CPV4,Cape Verde,Pico,pico,player
CPV5,Cape Verde,Diney,diney,player
CPV6,Cape Verde,Steven Moreira,steven moreira,player
CPV7,Cape Verde,Wagner Pina,wagner pina,player
CPV8,Cape Verde,Joao Paulo,joao paulo,player
CPV9,Cape Verde,Yannick Semedo,yannick semedo,player
CPV10,Cape Verde,Kevin Pina,kevin pina,player
CPV11,Cape Verde,Patrick Andrade,patrick andrade,player
CPV12,Cape Verde,Jamiro Monteiro,jamiro monteiro,player
CPV13,Cape Verde,Team Photo,team photo,badge
CPV14,Cape Verde,Deroy Duarte,deroy duarte,player
CPV15,Cape Verde,Garry Rodrigues,garry rodrigues,player
CPV16,Cape Verde,Jovane Cabral,jovane cabral,player
CPV17,Cape Verde,Ryan Mendes,ryan mendes,player
CPV18,Cape Verde,Dailon Livramento,dailon livramento,player
CPV19,Cape Verde,Willy Semedo,willy semedo,player
CPV20,Cape Verde,Bebe,bebe,player
KSA1,Saudi Arabia,Emblem Saudi Arabia,emblem saudi arabia,badge
KSA2,Saudi Arabia,Nawaf Alaqidi,nawaf alaqidi,player
KSA3,Saudi Arabia,Abdulrahman Al-Sanbi,abdulrahman al-sanbi,player
KSA4,Saudi Arabia,Saud Abdulhamid,saud abdulhamid,player
KSA5,Saudi Arabia,Nawaf Bouwashl,nawaf bouwashl,player
KSA6,Saudi Arabia,Jihad Thakri,jihad thakri,player
KSA7,Saudi Arabia,Moteb Al-Harbi,moteb al-harbi,player
KSA8,Saudi Arabia,Hassan Altambakti,hassan altambakti,player
KSA9,Saudi Arabia,Musab Aljuwayr,musab aljuwayr,player
KSA10,Saudi Arabia,Ziyad Aljohani,ziyad aljohani,player
KSA11,Saudi Arabia,Abdullah Alkhaibari,abdullah alkhaibari,player
KSA12,Saudi Arabia,Nasser Aldawsari,nasser aldawsari,player
KSA13,Saudi Arabia,Team Photo,team photo,badge
KSA14,Saudi Arabia,Saleh Abu Alshamat,saleh abu alshamat,player
KSA15,Saudi Arabia,Marwan Alsahafi,marwan alsahafi,player
KSA16,Saudi Arabia,Salem Aldawsari,salem aldawsari,player
KSA17,Saudi Arabia,Abdulrahman Al-Aboud,abdulrahman al-aboud,player
KSA18,Saudi Arabia,Feras Akbrikan,feras akbrikan,player
KSA19,Saudi Arabia,Saleh Alshehri,saleh alshehri,player
KSA20,Saudi Arabia,Abdullah Al-Hamdan,abdullah al-hamdan,player
URU1,Uruguay,Emblem Uruguay,emblem uruguay,badge
URU2,Uruguay,Sergio Rochet,sergio rochet,player
URU3,Uruguay,Santiago Mele,santiago mele,player
URU4,Uruguay,Ronald Araujo,ronald araujo,player
URU5,Uruguay,José María Giménez,jose maria gimenez,player
URU6,Uruguay,Sebastian Caceres,sebastian caceres,player
URU7,Uruguay,Mathias Olivera,mathias olivera,player
URU8,Uruguay,Guillermo Varela,guillermo varela,player
URU9,Uruguay,Nahitan Nandez,nahitan nandez,player
URU10,Uruguay,Federico Valverde,federico valverde,player
URU11,Uruguay,Giorgian De Arrascaeta,giorgian de arrascaeta,player
URU12,Uruguay,Rodrigo Bentancur,rodrigo bentancur,player
URU13,Uruguay,Team Photo,team photo,badge
URU14,Uruguay,Manuel Ugarte,manuel ugarte,player
URU15,Uruguay,Nicolás de la Cruz,nicolas de la cruz,player
URU16,Uruguay,Maxi Araujo,maxi araujo,player
URU17,Uruguay,Darwin Núñez,darwin nunez,player
URU18,Uruguay,Federico Viñas,federico vinas,player
URU19,Uruguay,Rodrigo Aguirre,rodrigo aguirre,player
URU20,Uruguay,Facundo Pellistri,facundo pellistri,player
FRA1,France,Emblem France,emblem france,badge
FRA2,France,Mike Maignan,mike maignan,player
FRA3,France,Theo Hernandez,theo hernandez,player
FRA4,France,William Saliba,william saliba,player
FRA5,France,Jules Kounde,jules kounde,player
FRA6,France,Ibrahima Konate,ibrahima konate,player
FRA7,France,Dayot Upamecano,dayot upamecano,player
FRA8,France,Lucas Digne,lucas digne,player
FRA9,France,Aurélien Tchouaméni,aurelien tchouameni,player
FRA10,France,Eduardo Camavinga,eduardo camavinga,player
FRA11,France,Manu Kone,manu kone,player
FRA12,France,Adrien Rabiot,adrien rabiot,player
FRA13,France,Team Photo,team photo,badge
FRA14,France,Michael Olise,michael olise,player
FRA15,France,Ousmane Dembele,ousmane dembele,player
FRA16,France,Bradley Barcola,bradley barcola,player
FRA17,France,Désiré Doué,desire doue,player
FRA18,France,Kingsley Coman,kingsley coman,player
FRA19,France,Hugo Ekitike,hugo ekitike,player
FRA20,France,Kylian Mbappe,kylian mbappe,player
SEN1,Senegal,Emblem Senegal,emblem senegal,badge
SEN2,Senegal,Edouard Mendy,edouard mendy,player
SEN3,Senegal,Yehvann Diouf,yehvann diouf,player
SEN4,Senegal,Moussa Niakhaté,moussa niakhate,player
SEN5,Senegal,Abdoulaye Seck,abdoulaye seck,player
SEN6,Senegal,Ismail Jakobs,ismail jakobs,player
SEN7,Senegal,El Hadji Malick Diouf,el hadji malick diouf,player
SEN8,Senegal,Kalidou Koulibaly,kalidou koulibaly,player
SEN9,Senegal,Idrissa Gana Gueye,idrissa gana gueye,player
SEN10,Senegal,Pape Matar Sarr,pape matar sarr,player
SEN11,Senegal,Pape Gueye,pape gueye,player
SEN12,Senegal,Habib Diarra,habib diarra,player
SEN13,Senegal,Team Photo,team photo,badge
SEN14,Senegal,Lamine Camara,lamine camara,player
SEN15,Senegal,Sadio Mane,sadio mane,player
SEN16,Senegal,Ismaïla Sarr,ismaila sarr,player
SEN17,Senegal,Boulaye Dia,boulaye dia,player
SEN18,Senegal,Iliman Ndiaye,iliman ndiaye,player
SEN19,Senegal,Nicolas Jackson,nicolas jackson,player
SEN20,Senegal,Krepin Diatta,krepin diatta,player
IRQ1,Iraq,Emblem Iraq,emblem iraq,badge
IRQ2,Iraq,Jalal Hassan,jalal hassan,player
IRQ3,Iraq,Rebin Sulaka,rebin sulaka,player
IRQ4,Iraq,Hussein Ali,hussein ali,player
IRQ5,Iraq,Akam Hashem,akam hashem,player
IRQ6,Iraq,Merchas Doski,merchas doski,player
IRQ7,Iraq,Zaid Tahseen,zaid tahseen,player
IRQ8,Iraq,Manaf Younis,manaf younis,player
IRQ9,Iraq,Zidane Iqbal,zidane iqbal,player
IRQ10,Iraq,Amir Al-Ammari,amir al-ammari,player
IRQ11,Iraq,Ibrahim Bavesh,ibrahim bavesh,player
IRQ12,Iraq,Ali Jasim,ali jasim,player
IRQ13,Iraq,Team Photo,team photo,badge
IRQ14,Iraq,Youssef Amyn,youssef amyn,player
IRQ15,Iraq,Aimar Sher,aimar sher,player
IRQ16,Iraq,Marko Farji,marko farji,player
IRQ17,Iraq,Osama Rashid,osama rashid,player
IRQ18,Iraq,Ali Al-Hamadi,ali al-hamadi,player
IRQ19,Iraq,Aymen Hussein,aymen hussein,player
IRQ20,Iraq,Mohanad Ali,mohanad ali,player
NOR1,Norway,Emblem Norway,emblem norway,badge
NOR2,Norway,Orjan Nyland,orjan nyland,player
NOR3,Norway,Julian Ryerson,julian ryerson,player
NOR4,Norway,Leo Ostigård,leo ostigard,player
NOR5,Norway,Kristoffer Vassbakk Ajer,kristoffer vassbakk ajer,player
NOR6,Norway,Marcus Holmgren Pedersen,marcus holmgren pedersen,player
NOR7,Norway,David Møller Wolfe,david moller wolfe,player
NOR8,Norway,Torbjørn Heggem,torbjorn heggem,player
NOR9,Norway,Morten Thorsby,morten thorsby,player
NOR10,Norway,Martin Ødegaard,martin odegaard,player
NOR11,Norway,Sander Berge,sander berge,player
NOR12,Norway,Andreas Schjelderup,andreas schjelderup,player
NOR13,Norway,Team Photo,team photo,badge
NOR14,Norway,Patrick Berg,patrick berg,player
NOR15,Norway,Erling Haaland,erling haaland,player
NOR16,Norway,Alexander Sørloth,alexander sorloth,player
NOR17,Norway,Aron Dønnum,aron donnum,player
NOR18,Norway,Jorgen Strand Larsen,jorgen strand larsen,player
NOR19,Norway,Antonio Nusa,antonio nusa,player
NOR20,Norway,Oscar Bobb,oscar bobb,player
ARG1,Argentina,Emblem Argentina,emblem argentina,badge
ARG2,Argentina,Emiliano Martinez,emiliano martinez,player
ARG3,Argentina,Nahuel Molina,nahuel molina,player
ARG4,Argentina,Cristian Romero,cristian romero,player
ARG5,Argentina,Nicolas Otamendi,nicolas otamendi,player
ARG6,Argentina,Nicolas Tagliafico,nicolas tagliafico,player
ARG7,Argentina,Leonardo Balerdi,leonardo balerdi,player
ARG8,Argentina,Enzo Fernandez,enzo fernandez,player
ARG9,Argentina,Alexis Mac Allister,alexis mac allister,player
ARG10,Argentina,Rodrigo De Paul,rodrigo de paul,player
ARG11,Argentina,Exequiel Palacios,exequiel palacios,player
ARG12,Argentina,Leandro Paredes,leandro paredes,player
ARG13,Argentina,Team Photo,team photo,badge
ARG14,Argentina,Nico Paz,nico paz,player
ARG15,Argentina,Franco Mastantuono,franco mastantuono,player
ARG16,Argentina,Nico Gonzalez,nico gonzalez,player
ARG17,Argentina,Lionel Messi,lionel messi,player
ARG18,Argentina,Lautaro Martinez,lautaro martinez,player
ARG19,Argentina,Julian Alvarez,julian alvarez,player
ARG20,Argentina,Giuliano Simeone,giuliano simeone,player
ALG1,Algeria,Emblem Algeria,emblem algeria,badge
ALG2,Algeria,Alexis Guendouz,alexis guendouz,player
ALG3,Algeria,Ramy Bensebaini,ramy bensebaini,player
ALG4,Algeria,Youcef Atal,youcef atal,player
ALG5,Algeria,Rayan Aït-Nouri,rayan ait-nouri,player
ALG6,Algeria,Mohamed Amine Tougai,mohamed amine tougai,player
ALG7,Algeria,Aïssa Mandi,aissa mandi,player
ALG8,Algeria,Ismael Bennacer,ismael bennacer,player
ALG9,Algeria,Houssem Aquar,houssem aquar,player
ALG10,Algeria,Hicham Boudaoui,hicham boudaoui,player
ALG11,Algeria,Ramiz Zerrouki,ramiz zerrouki,player
ALG12,Algeria,Nabil Bentalab,nabil bentalab,player
ALG13,Algeria,Team Photo,team photo,badge
ALG14,Algeria,Farés Chaibi,fares chaibi,player
ALG15,Algeria,Riyad Mahrez,riyad mahrez,player
ALG16,Algeria,Said Benrahma,said benrahma,player
ALG17,Algeria,Anis Hadj Moussa,anis hadj moussa,player
ALG18,Algeria,Amine Gouiri,amine gouiri,player
ALG19,Algeria,Baghdad Bounedjah,baghdad bounedjah,player
ALG20,Algeria,Mohammed Amoura,mohammed amoura,player
AUT1,Austria,Emblem Austria,emblem austria,badge
AUT2,Austria,Alexander Schlager,alexander schlager,player
AUT3,Austria,Patrick Pentz,patrick pentz,player
AUT4,Austria,David Alaba,david alaba,player
AUT5,Austria,Kevin Danso,kevin danso,player
AUT6,Austria,Philipp Lienhart,philipp lienhart,player
AUT7,Austria,Stefan Posch,stefan posch,player
AUT8,Austria,Phillipp Mwene,phillipp mwene,player
AUT9,Austria,Alexander Prass,alexander prass,player
AUT10,Austria,Xaver Schlager,xaver schlager,player
AUT11,Austria,Marcel Sabitzer,marcel sabitzer,player
AUT12,Austria,Konrad Laimer,konrad laimer,player
AUT13,Austria,Team Photo,team photo,badge
AUT14,Austria,Florian Grillitsch,florian grillitsch,player
AUT15,Austria,Nicolas Seiwald,nicolas seiwald,player
AUT16,Austria,Romano Schmid,romano schmid,player
AUT17,Austria,Patrick Wimmer,patrick wimmer,player
AUT18,Austria,Christoph Baumgartner,christoph baumgartner,player
AUT19,Austria,Michael Gregoritsch,michael gregoritsch,player
AUT20,Austria,Marko Arnautović,marko arnautovic,player
JOR1,Jordan,Emblem Jordan,emblem jordan,badge
JOR2,Jordan,Yazeed Abulaila,yazeed abulaila,player
JOR3,Jordan,Ihsan Haddad,ihsan haddad,player
JOR4,Jordan,Mohammad Abu Hashish,mohammad abu hashish,player
JOR5,Jordan,Yazan Al-Arab,yazan al-arab,player
JOR6,Jordan,Abdallah Nasib,abdallah nasib,player
JOR7,Jordan,Saleem Obaid,saleem obaid,player
JOR8,Jordan,Mohammad Abualnadi,mohammad abualnadi,player
JOR9,Jordan,Ibrahim Saadeh,ibrahim saadeh,player
JOR10,Jordan,Nizar Al-Rashdan,nizar al-rashdan,player
JOR11,Jordan,Noor Al-Rawabdeh,noor al-rawabdeh,player
JOR12,Jordan,Mohannad Abu Taha,mohannad abu taha,player
JOR13,Jordan,Team Photo,team photo,badge
JOR14,Jordan,Amer Jamous,amer jamous,player
JOR15,Jordan,Musa Al-Taamari,musa al-taamari,player
JOR16,Jordan,Yazan Al-Naimat,yazan al-naimat,player
JOR17,Jordan,Mahmoud Al-Mardi,mahmoud al-mardi,player
JOR18,Jordan,Ali Olwan,ali olwan,player
JOR19,Jordan,Mohammad Abu Zrayq,mohammad abu zrayq,player
JOR20,Jordan,Ibrahim Sabra,ibrahim sabra,player
POR1,Portugal,Emblem Portugal,emblem portugal,badge
POR2,Portugal,Diogo Costa,diogo costa,player
POR3,Portugal,Jose Sa,jose sa,player
POR4,Portugal,Ruben Dias,ruben dias,player
POR5,Portugal,João Cancelo,joao cancelo,player
POR6,Portugal,Diogo Dalot,diogo dalot,player
POR7,Portugal,Nuno Mendes,nuno mendes,player
POR8,Portugal,Gonçalo Inácio,goncalo inacio,player
POR9,Portugal,Bernardo Silva,bernardo silva,player
POR10,Portugal,Bruno Fernandes,bruno fernandes,player
POR11,Portugal,Ruben Neves,ruben neves,player
POR12,Portugal,Vitinha,vitinha,player
POR13,Portugal,Team Photo,team photo,badge
POR14,Portugal,João Neves,joao neves,player
POR15,Portugal,Cristiano Ronaldo,cristiano ronaldo,player
POR16,Portugal,Francisco Trincao,francisco trincao,player
POR17,Portugal,João Felix,joao felix,player
POR18,Portugal,Gonçalo Ramos,goncalo ramos,player
POR19,Portugal,Pedro Neto,pedro neto,player
POR20,Portugal,Rafael Leão,rafael leao,player
COD1,Congo DR,Emblem Congo DR,emblem congo dr,badge
COD2,Congo DR,Lionel Mpasi,lionel mpasi,player
COD3,Congo DR,Aaron Wan-Bissaka,aaron wan-bissaka,player
COD4,Congo DR,Axel Tuanzebe,axel tuanzebe,player
COD5,Congo DR,Arthur Masuaku,arthur masuaku,player
COD6,Congo DR,Chancel Mbemba,chancel mbemba,player
COD7,Congo DR,Joris Kayembe,joris kayembe,player
COD8,Congo DR,Charles Pickel,charles pickel,player
COD9,Congo DR,Ngal'ayel Mukau,ngal'ayel mukau,player
COD10,Congo DR,Edo Kayembe,edo kayembe,player
COD11,Congo DR,Samuel Moutoussamy,samuel moutoussamy,player
COD12,Congo DR,Noah Sadiki,noah sadiki,player
COD13,Congo DR,Team Photo,team photo,badge
COD14,Congo DR,Théo Bongonda,theo bongonda,player
COD15,Congo DR,Meschak Elia,meschak elia,player
COD16,Congo DR,Yoane Wissa,yoane wissa,player
COD17,Congo DR,Brian Cipenga,brian cipenga,player
COD18,Congo DR,Fiston Mayele,fiston mayele,player
COD19,Congo DR,Cédric Bakambu,cedric bakambu,player
COD20,Congo DR,Nathanaël Mbuku,nathanael mbuku,player
UZB1,Uzbekistan,Emblem Uzbekistan,emblem uzbekistan,badge
UZB2,Uzbekistan,Utkir Yusupov,utkir yusupov,player
UZB3,Uzbekistan,Farrukh Savfiev,farrukh savfiev,player
UZB4,Uzbekistan,Sherzod Nasrullaev,sherzod nasrullaev,player
UZB5,Uzbekistan,Umar Eshmurodov,umar eshmurodov,player
UZB6,Uzbekistan,Husniddin Aliqulov,husniddin aliqulov,player
UZB7,Uzbekistan,Rustamjon Ashurmatov,rustamjon ashurmatov,player
UZB8,Uzbekistan,Khojiakbar Alijonov,khojiakbar alijonov,player
UZB9,Uzbekistan,Abdukodir Khusanov,abdukodir khusanov,player
UZB10,Uzbekistan,Odiljon Hamrobekov,odiljon hamrobekov,player
UZB11,Uzbekistan,Otabek Shukurov,otabek shukurov,player
UZB12,Uzbekistan,Jamshid Iskanderov,jamshid iskanderov,player
UZB13,Uzbekistan,Team Photo,team photo,badge
UZB14,Uzbekistan,Azizbek Turgunboev,azizbek turgunboev,player
UZB15,Uzbekistan,Khojimat Erkinov,khojimat erkinov,player
UZB16,Uzbekistan,Eldor Shomurodov,eldor shomurodov,player
UZB17,Uzbekistan,Oston Urunov,oston urunov,player
UZB18,Uzbekistan,Jaloliddin Masharipov,jaloliddin masharipov,player
UZB19,Uzbekistan,Igor Sergeev,igor sergeev,player
UZB20,Uzbekistan,Abbosbek Fayzullaev,abbosbek fayzullaev,player
COL1,Colombia,Emblem Colombia,emblem colombia,badge
COL2,Colombia,Camilo Vargas,camilo vargas,player
COL3,Colombia,David Ospina,david ospina,player
COL4,Colombia,Dávinson Sánchez,davinson sanchez,player
COL5,Colombia,Yerry Mina,yerry mina,player
COL6,Colombia,Daniel Munoz,daniel munoz,player
COL7,Colombia,Johan Mojica,johan mojica,player
COL8,Colombia,Jhon Lucumí,jhon lucumi,player
COL9,Colombia,Santiago Arias,santiago arias,player
COL10,Colombia,Jefferson Lerma,jefferson lerma,player
COL11,Colombia,Kevin Castaño,kevin castano,player
COL12,Colombia,Richard Rios,richard rios,player
COL13,Colombia,Team Photo,team photo,badge
COL14,Colombia,James Rodriguez,james rodriguez,player
COL15,Colombia,Juan Fernando Quintero,juan fernando quintero,player
COL16,Colombia,Jorge Carrascal,jorge carrascal,player
COL17,Colombia,Jon Arias,jon arias,player
COL18,Colombia,Jhon Cordova,jhon cordova,player
COL19,Colombia,Luis Suarez,luis suarez,player
COL20,Colombia,Luis Diaz,luis diaz,player
ENG1,England,Emblem England,emblem england,badge
ENG2,England,Jordan Pickford,jordan pickford,player
ENG3,England,John Stones,john stones,player
ENG4,England,Marc Guéhi,marc guehi,player
ENG5,England,Ezri Konsa,ezri konsa,player
ENG6,England,Trent Alexander-Arnold,trent alexander-arnold,player
ENG7,England,Reece James,reece james,player
ENG8,England,Dan Burn,dan burn,player
ENG9,England,Jordan Henderson,jordan henderson,player
ENG10,England,Declan Rice,declan rice,player
ENG11,England,Jude Bellingham,jude bellingham,player
ENG12,England,Cole Palmer,cole palmer,player
ENG13,England,Team Photo,team photo,badge
ENG14,England,Morgan Rogers,morgan rogers,player
ENG15,England,Anthony Gordon,anthony gordon,player
ENG16,England,Phil Foden,phil foden,player
ENG17,England,Bukayo Saka,bukayo saka,player
ENG18,England,Harry Kane,harry kane,player
ENG19,England,Marcus Rashford,marcus rashford,player
ENG20,England,Ollie Watkins,ollie watkins,player
CRO1,Croatia,Emblem Croatia,emblem croatia,badge
CRO2,Croatia,Dominik Livaković,dominik livakovic,player
CRO3,Croatia,Duje Caleta-Car,duje caleta-car,player
CRO4,Croatia,Josko Gvardiol,josko gvardiol,player
CRO5,Croatia,Josip Stanišić,josip stanisic,player
CRO6,Croatia,Luka Vušković,luka vuskovic,player
CRO7,Croatia,Josip Sutalo,josip sutalo,player
CRO8,Croatia,Kristijan Jakic,kristijan jakic,player
CRO9,Croatia,Luka Modrić,luka modric,player
CRO10,Croatia,Mateo Kovacic,mateo kovacic,player
CRO11,Croatia,Martin Baturina,martin baturina,player
CRO12,Croatia,Lovro Majer,lovro majer,player
CRO13,Croatia,Team Photo,team photo,badge
CRO14,Croatia,Mario Pasalic,mario pasalic,player
CRO15,Croatia,Petar Sucic,petar sucic,player
CRO16,Croatia,Ivan Perišić,ivan perisic,player
CRO17,Croatia,Marco Pasalic,marco pasalic,player
CRO18,Croatia,Ante Budimir,ante budimir,player
CRO19,Croatia,Andrej Kramarić,andrej kramaric,player
CRO20,Croatia,Franjo Ivanovic,franjo ivanovic,player
GHA1,Ghana,Emblem Ghana,emblem ghana,badge
GHA2,Ghana,Lawrence Ati Zigi,lawrence ati zigi,player
GHA3,Ghana,Tariq Lamptey,tariq lamptey,player
GHA4,Ghana,Mohammed Salisu,mohammed salisu,player
GHA5,Ghana,Alidu Seidu,alidu seidu,player
GHA6,Ghana,Alexander Djiku,alexander djiku,player
GHA7,Ghana,Gideon Mensah,gideon mensah,player
GHA8,Ghana,Caleb Yirenkyi,caleb yirenkyi,player
GHA9,Ghana,Abdul Issahaku Fatawu,abdul issahaku fatawu,player
GHA10,Ghana,Thomas Partey,thomas partey,player
GHA11,Ghana,Salis Abdul Samed,salis abdul samed,player
GHA12,Ghana,Kamaldeen Sulemana,kamaldeen sulemana,player
GHA13,Ghana,Team Photo,team photo,badge
GHA14,Ghana,Mohammed Kudus,mohammed kudus,player
GHA15,Ghana,Inaki Williams,inaki williams,player
GHA16,Ghana,Jordan Ayew,jordan ayew,player
GHA17,Ghana,Andrew Ayew,andrew ayew,player
GHA18,Ghana,Joseph Paintsil,joseph paintsil,player
GHA19,Ghana,Osman Bukari,osman bukari,player
GHA20,Ghana,Antoine Semenyo,antoine semenyo,player
PAN1,Panama,Emblem Panama,emblem panama,badge
PAN2,Panama,Orlando Mosquera,orlando mosquera,player
PAN3,Panama,Luis Mejia,luis mejia,player
PAN4,Panama,Fidel Escobar,fidel escobar,player
PAN5,Panama,Andres Andrade,andres andrade,player
PAN6,Panama,Michael Amir Murillo,michael amir murillo,player
PAN7,Panama,Eric Davis,eric davis,player
PAN8,Panama,Jose Cordoba,jose cordoba,player
PAN9,Panama,Cesar Blackman,cesar blackman,player
PAN10,Panama,Cristian Martinez,cristian martinez,player
PAN11,Panama,Aníbal Godoy,anibal godoy,player
PAN12,Panama,Adalberto Carrasquilla,adalberto carrasquilla,player
PAN13,Panama,Team Photo,team photo,badge
PAN14,Panama,Édgar Bárcenas,edgar barcenas,player
PAN15,Panama,Carlos Harvey,carlos harvey,player
PAN16,Panama,Ismael Díaz,ismael diaz,player
PAN17,Panama,Jose Fajardo,jose fajardo,player
PAN18,Panama,Cecilio Waterman,cecilio waterman,player
PAN19,Panama,Jose Luiz Rodriguez,jose luiz rodriguez,player
PAN20,Panama,Alberto Quintero,alberto quintero,player
FWC9,FIFA World Cup,Italy 1934 FIFA World Cup History,italy 1934 fifa world cup history,badge
FWC10,FIFA World Cup,Uruguay 1950 FIFA World Cup History,uruguay 1950 fifa world cup history,badge
FWC11,FIFA World Cup,West Germany 1954 FIFA World Cup History,west germany 1954 fifa world cup history,badge
FWC12,FIFA World Cup,Brazil 1962 FIFA World Cup History,brazil 1962 fifa world cup history,badge
FWC13,FIFA World Cup,West Germany 1974 FIFA World Cup History,west germany 1974 fifa world cup history,badge
FWC14,FIFA World Cup,Argentina 1986 FIFA World Cup History,argentina 1986 fifa world cup history,badge
FWC15,FIFA World Cup,Brazil 1994 FIFA World Cup History,brazil 1994 fifa world cup history,badge
FWC16,FIFA World Cup,Brazil 2002 FIFA World Cup History,brazil 2002 fifa world cup history,badge
FWC17,FIFA World Cup,Italy 2006 FIFA World Cup History,italy 2006 fifa world cup history,badge
FWC18,FIFA World Cup,Germany 2014 FIFA World Cup History,germany 2014 fifa world cup history,badge
FWC19,FIFA World Cup,Argentina 2022 FIFA World Cup History,argentina 2022 fifa world cup history,badge
CC-US1,Spain,Lamine Yamal,lamine yamal,player
CC-US2,Germany,Joshua Kimmich,joshua kimmich,player
CC-US3,England,Harry Kane,harry kane,player
CC-US4,Mexico,Santiago Giménez,santiago gimenez,player
CC-US5,USA,Antonee Robinson,antonee robinson,player
CC-US6,Colombia,Jefferson Lerma,jefferson lerma,player
CC-US7,Mexico,Edson Álvarez,edson alvarez,player
CC-US8,Netherlands,Virgil van Dijk,virgil van dijk,player
CC-US9,Canada,Alphonso Davies,alphonso davies,player
CC-US10,USA,Weston McKennie,weston mckennie,player
CC-US11,Argentina,Lautaro Martínez,lautaro martinez,player
CC-US12,Brazil,Gabriel Magalhães,gabriel magalhaes,player
CC-LAM1,Spain,Lamine Yamal,lamine yamal,player
CC-LAM2,Germany,Joshua Kimmich,joshua kimmich,player
CC-LAM3,England,Harry Kane,harry kane,player
CC-LAM4,Mexico,Santiago Giménez,santiago gimenez,player
CC-LAM5,Croatia,Josko Gvardiol,josko gvardiol,player
CC-LAM6,Uruguay,Federico Valverde,federico valverde,player
CC-LAM7,Colombia,Jefferson Lerma,jefferson lerma,player
CC-LAM8,Ecuador,Enner Valencia,enner valencia,player
CC-LAM9,Brazil,Gabriel Magalhães,gabriel magalhaes,player
CC-LAM10,Netherlands,Virgil van Dijk,virgil van dijk,player
CC-LAM11,Canada,Alphonso Davies,alphonso davies,player
CC-LAM12,Argentina,Emiliano Martinez,emiliano martinez,player
CC-LAM13,Mexico,Raúl Jiménez,raul jimenez,player
CC-LAM14,Argentina,Lautaro Martínez,lautaro martinez,player
CC-SRB1,Argentina,Lautaro Martínez,lautaro martinez,player
CC-SRB2,Canada,Alphonso Davies,alphonso davies,player
CC-SRB3,Croatia,Josko Gvardiol,josko gvardiol,player
CC-SRB4,England,Harry Kane,harry kane,player
CC-SRB5,France,Eduardo Camavinga,eduardo camavinga,player
CC-SRB6,France,William Saliba,william saliba,player
CC-SRB7,Germany,Joshua Kimmich,joshua kimmich,player
CC-SRB8,Mexico,Raúl Jiménez,raul jimenez,player
CC-SRB9,Netherlands,Virgil van Dijk,virgil van dijk,player
CC-SRB10,Spain,Lamine Yamal,lamine yamal,player
CC-SRB11,USA,Antonee Robinson,antonee robinson,player
CC-SRB12,Uruguay,Federico Valverde,federico valverde,player
CC-ESP1,Spain,Lamine Yamal,lamine yamal,player
CC-ESP2,Germany,Joshua Kimmich,joshua kimmich,player
CC-ESP3,France,Eduardo Camavinga,eduardo camavinga,player
CC-ESP4,Croatia,Josko Gvardiol,josko gvardiol,player
CC-ESP5,Uruguay,Federico Valverde,federico valverde,player
CC-ESP6,Netherlands,Virgil van Dijk,virgil van dijk,player
CC-ESP7,Canada,Alphonso Davies,alphonso davies,player
CC-ESP8,Mexico,Raúl Jiménez,raul jimenez,player
CC-ESP9,France,William Saliba,william saliba,player
CC-ESP10,Argentina,Lautaro Martínez,lautaro martinez,player
CC-ESP11,England,Harry Kane,harry kane,player
CC-ESP12,USA,Antonee Robinson,antonee robinson,player
LM,Argentina,Lionel Messi,lionel messi,player
JD,Belgium,Jérémy Doku,jeremy doku,player
VJ,Brazil,Vinicius Júnior,vinicius junior,player
AD,Canada,Alphonso Davies,alphonso davies,player
LD,Colombia,Luis Díaz,luis diaz,player
LMO,Croatia,Luka Modrić,luka modric,player
MC,Ecuador,Moisés Caicedo,moises caicedo,player
MS,Egypt,Mohamed Salah,mohamed salah,player
JB,England,Jude Bellingham,jude bellingham,player
KM,France,Kylian Mbappé,kylian mbappe,player
FW,Germany,Florian Wirtz,florian wirtz,player
RJ,Mexico,Raúl Jiménez,raul jimenez,player
AH,Morocco,Achraf Hakimi,achraf hakimi,player
EH,Norway,Erling Haaland,erling haaland,player
CG,Netherlands,Cody Gakpo,cody gakpo,player
CR,Portugal,Cristiano Ronaldo,cristiano ronaldo,player
HS,South Korea,Heung-min Son,heung-min son,player
LY,Spain,Lamine Yamal,lamine yamal,player
CP,USA,Christian Pulisic,christian pulisic,player
FV,Uruguay,Federico Valverde,federico valverde,player